x,y1,y2
0.0,16642.0,2281.0
0.01,16624.0,2289.0
0.02,16625.0,2287.0
0.03,16633.0,2291.0
0.04,16642.0,2290.0
0.05,16673.0,2287.0
0.06,16691.0,2286.0
0.07,16695.0,2285.0
0.08,16731.0,2285.0
0.09,16739.0,2287.0
0.1,16730.0,2285.0
0.11,16723.0,2286.0
0.12,16713.0,2286.0
0.13,16702.0,2287.0
0.14,16742.0,2289.0
0.15,16738.0,2286.0
0.16,16738.0,2289.0
0.17,16753.0,2289.0
0.18,16745.0,2287.0
0.19,16727.0,2283.0
0.2,16760.0,2287.0
0.21,16752.0,2286.0
0.22,16792.0,2286.0
0.23,16808.0,2286.0
0.24,16819.0,2284.0
0.25,16826.0,2282.0
0.26,16855.0,2285.0
0.27,16805.0,2288.0
0.28,16796.0,2287.0
0.29,16843.0,2287.0
0.3,16833.0,2288.0
0.31,16844.0,2284.0
0.32,16902.0,2286.0
0.33,16914.0,2286.0
0.34,16902.0,2284.0
0.35,16954.0,2283.0
0.36,16962.0,2283.0
0.37,16946.0,2284.0
0.38,17003.0,2284.0
0.39,17048.0,2285.0
0.4,17071.0,2284.0
0.41,17106.0,2282.0
0.42,17081.0,2282.0
0.43,17064.0,2281.0
0.44,17115.0,2282.0
0.45,17122.0,2286.0
0.46,17098.0,2282.0
0.47,17147.0,2282.0
0.48,17150.0,2282.0
0.49,17122.0,2284.0
0.5,17161.0,2284.0
0.51,17130.0,2282.0
0.52,17119.0,2284.0
0.53,17165.0,2284.0
0.54,17192.0,2285.0
0.55,17191.0,2284.0
0.56,17220.0,2280.0
0.57,17219.0,2284.0
0.58,17185.0,2282.0
0.59,17217.0,2281.0
0.6,17220.0,2282.0
0.61,17192.0,2282.0
0.62,17200.0,2283.0
0.63,17218.0,2285.0
0.64,17212.0,2282.0
0.65,17236.0,2283.0
0.66,17233.0,2283.0
0.67,17221.0,2282.0
0.68,17253.0,2283.0
0.69,17231.0,2286.0
0.7,17232.0,2286.0
0.71,17313.0,2287.0
0.72,17313.0,2285.0
0.73,17286.0,2288.0
0.74,17305.0,2287.0
0.75,17259.0,2286.0
0.76,17233.0,2284.0
0.77,17314.0,2285.0
0.78,17325.0,2287.0
0.79,17306.0,2286.0
0.8,17371.0,2284.0
0.81,17369.0,2286.0
0.82,17348.0,2288.0
0.83,17377.0,2282.0
0.84,17402.0,2285.0
0.85,17379.0,2286.0
0.86,17428.0,2281.0
0.87,17461.0,2283.0
0.88,17442.0,2281.0
0.89,17483.0,2282.0
0.9,17496.0,2284.0
0.91,17469.0,2282.0
0.92,17520.0,2281.0
0.93,17548.0,2284.0
0.94,17541.0,2282.0
0.95,17588.0,2280.0
0.96,17575.0,2281.0
0.97,17556.0,2278.0
0.98,17585.0,2284.0
0.99,17580.0,2282.0
1.0,17579.0,2283.0
1.01,17615.0,2283.0
1.02,17618.0,2282.0
1.03,17648.0,2279.0
1.04,17690.0,2282.0
1.05,17672.0,2285.0
1.06,17634.0,2283.0
1.07,17683.0,2283.0
1.08,17686.0,2283.0
1.09,17679.0,2287.0
1.1,17721.0,2281.0
1.11,17744.0,2283.0
1.12,17739.0,2278.0
1.13,17765.0,2282.0
1.14,17743.0,2282.0
1.15,17728.0,2283.0
1.16,17774.0,2282.0
1.17,17785.0,2283.0
1.18,17762.0,2281.0
1.19,17813.0,2282.0
1.2,17813.0,2281.0
1.21,17795.0,2285.0
1.22,17832.0,2282.0
1.23,17831.0,2285.0
1.24,17791.0,2282.0
1.25,17827.0,2282.0
1.26,17846.0,2282.0
1.27,17825.0,2280.0
1.28,17866.0,2282.0
1.29,17892.0,2283.0
1.3,17877.0,2282.0
1.31,17900.0,2278.0
1.32,17930.0,2282.0
1.33,17902.0,2280.0
1.34,17928.0,2282.0
1.35,17966.0,2282.0
1.36,17946.0,2279.0
1.37,17987.0,2281.0
1.38,17995.0,2280.0
1.39,17992.0,2278.0
1.4,18023.0,2279.0
1.41,18047.0,2282.0
1.42,18032.0,2282.0
1.43,18082.0,2282.0
1.44,18103.0,2282.0
1.45,18099.0,2280.0
1.46,18121.0,2277.0
1.47,18130.0,2280.0
1.48,18135.0,2279.0
1.49,18154.0,2279.0
1.5,18171.0,2282.0
1.51,18185.0,2280.0
1.52,18231.0,2281.0
1.53,18222.0,2280.0
1.54,18173.0,2277.0
1.55,18226.0,2279.0
1.56,18214.0,2279.0
1.57,18199.0,2282.0
1.58,18232.0,2278.0
1.59,18267.0,2280.0
1.6,18224.0,2281.0
1.61,18271.0,2279.0
1.62,18293.0,2283.0
1.63,18257.0,2284.0
1.64,18280.0,2278.0
1.65,18286.0,2280.0
1.66,18239.0,2279.0
1.67,18300.0,2277.0
1.68,18319.0,2280.0
1.69,18269.0,2276.0
1.7,18330.0,2277.0
1.71,18341.0,2279.0
1.72,18289.0,2278.0
1.73,18346.0,2277.0
1.74,18376.0,2279.0
1.75,18358.0,2279.0
1.76,18437.0,2279.0
1.77,18444.0,2278.0
1.78,18423.0,2275.0
1.79,18435.0,2277.0
1.8,18461.0,2278.0
1.81,18456.0,2276.0
1.82,18496.0,2279.0
1.83,18514.0,2277.0
1.84,18481.0,2276.0
1.85,18520.0,2275.0
1.86,18494.0,2277.0
1.87,18474.0,2276.0
1.88,18529.0,2276.0
1.89,18550.0,2275.0
1.9,18561.0,2277.0
1.91,18591.0,2273.0
1.92,18601.0,2277.0
1.93,18586.0,2273.0
1.94,18630.0,2274.0
1.95,18617.0,2277.0
1.96,18607.0,2275.0
1.97,18648.0,2279.0
1.98,18641.0,2275.0
1.99,18651.0,2275.0
2.0,18715.0,2275.0
2.01,18719.0,2279.0
2.02,18665.0,2275.0
2.03,18721.0,2274.0
2.04,18714.0,2277.0
2.05,18677.0,2275.0
2.06,18722.0,2274.0
2.07,18760.0,2273.0
2.08,18745.0,2275.0
2.09,18766.0,2275.0
2.1,18776.0,2275.0
2.11,18733.0,2276.0
2.12,18747.0,2276.0
2.13,18767.0,2277.0
2.14,18727.0,2277.0
2.15,18798.0,2277.0
2.16,18804.0,2275.0
2.17,18777.0,2275.0
2.18,18814.0,2276.0
2.19,18828.0,2278.0
2.2,18763.0,2276.0
2.21,18818.0,2275.0
2.22,18836.0,2275.0
2.23,18812.0,2275.0
2.24,18871.0,2273.0
2.25,18881.0,2278.0
2.26,18846.0,2276.0
2.27,18870.0,2280.0
2.28,18872.0,2274.0
2.29,18874.0,2276.0
2.3,18893.0,2274.0
2.31,18910.0,2280.0
2.32,18881.0,2275.0
2.33,18921.0,2274.0
2.34,18935.0,2275.0
2.35,18910.0,2274.0
2.36,18947.0,2273.0
2.37,18953.0,2278.0
2.38,18932.0,2272.0
2.39,18993.0,2273.0
2.4,19006.0,2275.0
2.41,18986.0,2274.0
2.42,19000.0,2273.0
2.43,19016.0,2275.0
2.44,18993.0,2272.0
2.45,19016.0,2272.0
2.46,19032.0,2273.0
2.47,19011.0,2273.0
2.48,19071.0,2275.0
2.49,19076.0,2274.0
2.5,19031.0,2271.0
2.51,19088.0,2274.0
2.52,19077.0,2273.0
2.53,19031.0,2275.0
2.54,19062.0,2271.0
2.55,19079.0,2273.0
2.56,19041.0,2272.0
2.57,19101.0,2270.0
2.58,19115.0,2274.0
2.59,19078.0,2273.0
2.6,19086.0,2270.0
2.61,19085.0,2273.0
2.62,19063.0,2274.0
2.63,19073.0,2272.0
2.64,19071.0,2274.0
2.65,19050.0,2274.0
2.66,19092.0,2271.0
2.67,19078.0,2273.0
2.68,19033.0,2273.0
2.69,19070.0,2270.0
2.7,19076.0,2272.0
2.71,19042.0,2271.0
2.72,19071.0,2271.0
2.73,19104.0,2272.0
2.74,19063.0,2271.0
2.75,19087.0,2270.0
2.76,19076.0,2271.0
2.77,19054.0,2270.0
2.78,19069.0,2272.0
2.79,19073.0,2270.0
2.8,19033.0,2270.0
2.81,19088.0,2270.0
2.82,19079.0,2273.0
2.83,19000.0,2272.0
2.84,19048.0,2271.0
2.85,19043.0,2271.0
2.86,18987.0,2273.0
2.87,19036.0,2270.0
2.88,19053.0,2272.0
2.89,18991.0,2270.0
2.9,19064.0,2273.0
2.91,19066.0,2271.0
2.92,19000.0,2271.0
2.93,19031.0,2270.0
2.94,19034.0,2275.0
2.95,18989.0,2275.0
2.96,19024.0,2274.0
2.97,19011.0,2273.0
2.98,18972.0,2271.0
2.99,19002.0,2270.0
3.0,18985.0,2271.0
3.01,18905.0,2270.0
3.02,18920.0,2268.0
3.03,18950.0,2269.0
3.04,18889.0,2269.0
3.05,18902.0,2270.0
3.06,18902.0,2268.0
3.07,18854.0,2270.0
3.08,18859.0,2270.0
3.09,18859.0,2270.0
3.1,18806.0,2270.0
3.11,18816.0,2272.0
3.12,18792.0,2275.0
3.13,18749.0,2271.0
3.14,18780.0,2272.0
3.15,18730.0,2272.0
3.16,18662.0,2270.0
3.17,18698.0,2270.0
3.18,18675.0,2275.0
3.19,18574.0,2269.0
3.2,18612.0,2267.0
3.21,18559.0,2272.0
3.22,18490.0,2272.0
3.23,18551.0,2272.0
3.24,18519.0,2271.0
3.25,18449.0,2270.0
3.26,18463.0,2270.0
3.27,18388.0,2271.0
3.28,18302.0,2268.0
3.29,18370.0,2269.0
3.3,18306.0,2271.0
3.31,18217.0,2274.0
3.32,18270.0,2270.0
3.33,18211.0,2271.0
3.34,18088.0,2269.0
3.35,18158.0,2271.0
3.36,18104.0,2271.0
3.37,18008.0,2270.0
3.38,18093.0,2270.0
3.39,18066.0,2271.0
3.4,17932.0,2271.0
3.41,17998.0,2272.0
3.42,17912.0,2272.0
3.43,17830.0,2272.0
3.44,17844.0,2270.0
3.45,17812.0,2271.0
3.46,17738.0,2272.0
3.47,17750.0,2272.0
3.48,17707.0,2273.0
3.49,17584.0,2272.0
3.5,17602.0,2271.0
3.51,17555.0,2273.0
3.52,17422.0,2273.0
3.53,17435.0,2270.0
3.54,17359.0,2272.0
3.55,17216.0,2272.0
3.56,17265.0,2275.0
3.57,17245.0,2273.0
3.58,17066.0,2273.0
3.59,17032.0,2272.0
3.6,16958.0,2273.0
3.61,16842.0,2271.0
3.62,16867.0,2272.0
3.63,16781.0,2273.0
3.64,16631.0,2274.0
3.65,16620.0,2272.0
3.66,16507.0,2277.0
3.67,16386.0,2274.0
3.68,16395.0,2275.0
3.69,16269.0,2275.0
3.7,16131.0,2274.0
3.71,16160.0,2276.0
3.72,16065.0,2278.0
3.73,15943.0,2276.0
3.74,15869.0,2278.0
3.75,15717.0,2275.0
3.76,15677.0,2274.0
3.77,15624.0,2276.0
3.78,15503.0,2279.0
3.79,15388.0,2278.0
3.8,15365.0,2279.0
3.81,15179.0,2283.0
3.82,15063.0,2279.0
3.83,15077.0,2282.0
3.84,14945.0,2284.0
3.85,14744.0,2281.0
3.86,14744.0,2284.0
3.87,14555.0,2285.0
3.88,14430.0,2284.0
3.89,14467.0,2284.0
3.9,14349.0,2288.0
3.91,14117.0,2281.0
3.92,14122.0,2284.0
3.93,13988.0,2289.0
3.94,13847.0,2285.0
3.95,13765.0,2286.0
3.96,13689.0,2291.0
3.97,13453.0,2286.0
3.98,13391.0,2285.0
3.99,13399.0,2293.0
4.0,13130.0,2288.0
4.01,13165.0,2292.0
4.02,13027.0,2292.0
4.03,12780.0,2293.0
4.04,12723.0,2291.0
4.05,12610.0,2293.0
4.06,12467.0,2295.0
4.07,12328.0,2297.0
4.08,12131.0,2296.0
4.09,11974.0,2294.0
4.1,11933.0,2298.0
4.11,11735.0,2297.0
4.12,11614.0,2300.0
4.13,11465.0,2295.0
4.14,11303.0,2304.0
4.15,11156.0,2296.0
4.16,11059.0,2298.0
4.17,10914.0,2302.0
4.18,10710.0,2300.0
4.19,10595.0,2300.0
4.2,10390.0,2304.0
4.21,10215.0,2303.0
4.22,10145.0,2306.0
4.23,9940.0,2307.0
4.24,9829.0,2307.0
4.25,9709.0,2306.0
4.26,9540.0,2309.0
4.27,9392.0,2302.0
4.28,9243.0,2309.0
4.29,9072.0,2312.0
4.3,9001.0,2306.0
4.31,8786.0,2311.0
4.32,8649.0,2310.0
4.33,8596.0,2312.0
4.34,8469.0,2314.0
4.35,8244.0,2314.0
4.36,8168.0,2313.0
4.37,7897.0,2314.0
4.38,7798.0,2315.0
4.39,7744.0,2313.0
4.4,7560.0,2318.0
4.41,7468.0,2318.0
4.42,7359.0,2315.0
4.43,7118.0,2316.0
4.44,7025.0,2321.0
4.45,7038.0,2316.0
4.46,6759.0,2318.0
4.47,6707.0,2325.0
4.48,6621.0,2319.0
4.49,6402.0,2319.0
4.5,6362.0,2325.0
4.51,6309.0,2323.0
4.52,5993.0,2325.0
4.53,5919.0,2327.0
4.54,5827.0,2321.0
4.55,5574.0,2322.0
4.56,5512.0,2325.0
4.57,5475.0,2322.0
4.58,5195.0,2323.0
4.59,5089.0,2326.0
4.6,5007.0,2322.0
4.61,4795.0,2322.0
4.62,4746.0,2325.0
4.63,4655.0,2324.0
4.64,4446.0,2324.0
4.65,4425.0,2328.0
4.66,4404.0,2323.0
4.67,4239.0,2326.0
4.68,4152.0,2329.0
4.69,4101.0,2326.0
4.7,3976.0,2327.0
4.71,3912.0,2327.0
4.72,3829.0,2326.0
4.73,3724.0,2331.0
4.74,3703.0,2333.0
4.75,3575.0,2327.0
4.76,3453.0,2331.0
4.77,3455.0,2333.0
4.78,3369.0,2328.0
4.79,3240.0,2333.0
4.8,3193.0,2332.0
4.81,3105.0,2329.0
4.82,2991.0,2331.0
4.83,2954.0,2333.0
4.84,2871.0,2331.0
4.85,2780.0,2333.0
4.86,2787.0,2331.0
4.87,2648.0,2332.0
4.88,2598.0,2336.0
4.89,2599.0,2332.0
4.9,2451.0,2335.0
4.91,2339.0,2336.0
4.92,2366.0,2335.0
4.93,2255.0,2333.0
4.94,2132.0,2340.0
4.95,2197.0,2332.0
4.96,2105.0,2335.0
4.97,1975.0,2337.0
4.98,2024.0,2334.0
4.99,1923.0,2336.0
5.0,1798.0,2339.0
5.01,1869.0,2338.0
5.02,1800.0,2336.0
5.03,1694.0,2341.0
5.04,1751.0,2341.0
5.05,1711.0,2339.0
5.06,1617.0,2340.0
5.07,1673.0,2340.0
5.08,1627.0,2339.0
5.09,1540.0,2342.0
5.1,1593.0,2343.0
5.11,1567.0,2339.0
5.12,1477.0,2341.0
5.13,1515.0,2339.0
5.14,1509.0,2336.0
5.15,1431.0,2340.0
5.16,1451.0,2339.0
5.17,1446.0,2338.0
5.18,1387.0,2340.0
5.19,1400.0,2340.0
5.2,1396.0,2340.0
5.21,1355.0,2342.0
5.22,1379.0,2342.0
5.23,1370.0,2346.0
5.24,1337.0,2346.0
5.25,1345.0,2343.0
5.26,1341.0,2341.0
5.27,1298.0,2345.0
5.28,1314.0,2345.0
5.29,1301.0,2346.0
5.3,1276.0,2348.0
5.31,1275.0,2347.0
5.32,1269.0,2348.0
5.33,1242.0,2346.0
5.34,1249.0,2348.0
5.35,1227.0,2349.0
5.36,1217.0,2349.0
5.37,1219.0,2346.0
5.38,1194.0,2350.0
5.39,1181.0,2350.0
5.4,1187.0,2350.0
5.41,1170.0,2350.0
5.42,1150.0,2352.0
5.43,1153.0,2353.0
5.44,1139.0,2352.0
5.45,1126.0,2352.0
5.46,1126.0,2354.0
5.47,1118.0,2356.0
5.48,1111.0,2358.0
5.49,1110.0,2360.0
5.5,1089.0,2357.0
5.51,1086.0,2358.0
5.52,1072.0,2360.0
5.53,1070.0,2358.0
5.54,1076.0,2363.0
5.55,1061.0,2362.0
5.56,1063.0,2362.0
5.57,1069.0,2366.0
5.58,1054.0,2364.0
5.59,1071.0,2363.0
5.6,1088.0,2364.0
5.61,1071.0,2363.0
5.62,1084.0,2363.0
5.63,1114.0,2367.0
5.64,1092.0,2366.0
5.65,1112.0,2364.0
5.66,1155.0,2367.0
5.67,1136.0,2368.0
5.68,1166.0,2366.0
5.69,1204.0,2367.0
5.7,1196.0,2365.0
5.71,1236.0,2366.0
5.72,1287.0,2369.0
5.73,1278.0,2368.0
5.74,1320.0,2367.0
5.75,1382.0,2368.0
5.76,1380.0,2367.0
5.77,1428.0,2364.0
5.78,1480.0,2368.0
5.79,1503.0,2368.0
5.8,1552.0,2367.0
5.81,1598.0,2370.0
5.82,1620.0,2370.0
5.83,1688.0,2370.0
5.84,1724.0,2368.0
5.85,1766.0,2370.0
5.86,1824.0,2367.0
5.87,1888.0,2371.0
5.88,1876.0,2366.0
5.89,1956.0,2368.0
5.9,2032.0,2370.0
5.91,2027.0,2369.0
5.92,2088.0,2371.0
5.93,2144.0,2373.0
5.94,2130.0,2371.0
5.95,2216.0,2372.0
5.96,2267.0,2375.0
5.97,2245.0,2373.0
5.98,2314.0,2369.0
5.99,2356.0,2373.0
6.0,2328.0,2372.0
6.01,2409.0,2374.0
6.02,2437.0,2372.0
6.03,2383.0,2373.0
6.04,2466.0,2372.0
6.05,2523.0,2380.0
6.06,2462.0,2376.0
6.07,2522.0,2374.0
6.08,2581.0,2375.0
6.09,2537.0,2375.0
6.1,2606.0,2375.0
6.11,2643.0,2376.0
6.12,2602.0,2377.0
6.13,2649.0,2374.0
6.14,2720.0,2379.0
6.15,2660.0,2378.0
6.16,2711.0,2376.0
6.17,2761.0,2379.0
6.18,2701.0,2379.0
6.19,2736.0,2375.0
6.2,2794.0,2376.0
6.21,2757.0,2378.0
6.22,2800.0,2379.0
6.23,2883.0,2379.0
6.24,2824.0,2378.0
6.25,2882.0,2380.0
6.26,2957.0,2381.0
6.27,2911.0,2383.0
6.28,2935.0,2379.0
6.29,3031.0,2380.0
6.3,3041.0,2383.0
6.31,3079.0,2379.0
6.32,3139.0,2380.0
6.33,3167.0,2377.0
6.34,3217.0,2376.0
6.35,3264.0,2378.0
6.36,3274.0,2379.0
6.37,3340.0,2375.0
6.38,3393.0,2378.0
6.39,3376.0,2374.0
6.4,3442.0,2375.0
6.41,3488.0,2373.0
6.42,3491.0,2378.0
6.43,3557.0,2372.0
6.44,3593.0,2375.0
6.45,3588.0,2374.0
6.46,3652.0,2375.0
6.47,3699.0,2376.0
6.48,3689.0,2377.0
6.49,3755.0,2374.0
6.5,3780.0,2379.0
6.51,3737.0,2375.0
6.52,3835.0,2377.0
6.53,3869.0,2380.0
6.54,3822.0,2376.0
6.55,3918.0,2375.0
6.56,3958.0,2378.0
6.57,3903.0,2375.0
6.58,4013.0,2373.0
6.59,4024.0,2378.0
6.6,3952.0,2376.0
6.61,4032.0,2376.0
6.62,4089.0,2379.0
6.63,4032.0,2377.0
6.64,4111.0,2374.0
6.65,4159.0,2377.0
6.66,4086.0,2379.0
6.67,4162.0,2375.0
6.68,4211.0,2378.0
6.69,4105.0,2380.0
6.7,4193.0,2377.0
6.71,4274.0,2377.0
6.72,4181.0,2380.0
6.73,4227.0,2377.0
6.74,4333.0,2380.0
6.75,4252.0,2381.0
6.76,4272.0,2380.0
6.77,4365.0,2379.0
6.78,4317.0,2378.0
6.79,4337.0,2379.0
6.8,4413.0,2382.0
6.81,4400.0,2383.0
6.82,4429.0,2380.0
6.83,4450.0,2383.0
6.84,4441.0,2381.0
6.85,4496.0,2384.0
6.86,4510.0,2385.0
6.87,4498.0,2382.0
6.88,4550.0,2380.0
6.89,4605.0,2382.0
6.9,4561.0,2381.0
6.91,4621.0,2384.0
6.92,4653.0,2384.0
6.93,4627.0,2384.0
6.94,4702.0,2384.0
6.95,4709.0,2386.0
6.96,4682.0,2388.0
6.97,4785.0,2383.0
6.98,4778.0,2388.0
6.99,4735.0,2383.0
7.0,4858.0,2382.0
7.01,4855.0,2386.0
7.02,4796.0,2381.0
7.03,4912.0,2381.0
7.04,4917.0,2386.0
7.05,4860.0,2381.0
7.06,4976.0,2384.0
7.07,5006.0,2386.0
7.08,4933.0,2383.0
7.09,5031.0,2380.0
7.1,5081.0,2385.0
7.11,5016.0,2384.0
7.12,5097.0,2380.0
7.13,5153.0,2382.0
7.14,5094.0,2380.0
7.15,5170.0,2379.0
7.16,5237.0,2383.0
7.17,5155.0,2385.0
7.18,5258.0,2381.0
7.19,5331.0,2383.0
7.2,5212.0,2385.0
7.21,5308.0,2380.0
7.22,5424.0,2384.0
7.23,5291.0,2384.0
7.24,5343.0,2380.0
7.25,5459.0,2382.0
7.26,5360.0,2386.0
7.27,5397.0,2380.0
7.28,5492.0,2383.0
7.29,5442.0,2387.0
7.3,5489.0,2382.0
7.31,5571.0,2383.0
7.32,5509.0,2384.0
7.33,5567.0,2379.0
7.34,5638.0,2381.0
7.35,5561.0,2381.0
7.36,5619.0,2382.0
7.37,5720.0,2384.0
7.38,5643.0,2383.0
7.39,5683.0,2381.0
7.4,5759.0,2382.0
7.41,5716.0,2385.0
7.42,5734.0,2384.0
7.43,5784.0,2383.0
7.44,5782.0,2386.0
7.45,5802.0,2385.0
7.46,5840.0,2386.0
7.47,5837.0,2388.0
7.48,5910.0,2386.0
7.49,5932.0,2385.0
7.5,5918.0,2386.0
7.51,5955.0,2381.0
7.52,6005.0,2387.0
7.53,5970.0,2383.0
7.54,6031.0,2384.0
7.55,6064.0,2381.0
7.56,6020.0,2382.0
7.57,6087.0,2378.0
7.58,6086.0,2381.0
7.59,6070.0,2379.0
7.6,6148.0,2376.0
7.61,6170.0,2379.0
7.62,6117.0,2378.0
7.63,6207.0,2376.0
7.64,6220.0,2379.0
7.65,6165.0,2379.0
7.66,6272.0,2375.0
7.67,6280.0,2377.0
7.68,6194.0,2375.0
7.69,6319.0,2372.0
7.7,6363.0,2379.0
7.71,6291.0,2378.0
7.72,6349.0,2375.0
7.73,6431.0,2377.0
7.74,6337.0,2379.0
7.75,6403.0,2375.0
7.76,6469.0,2381.0
7.77,6384.0,2380.0
7.78,6451.0,2375.0
7.79,6527.0,2380.0
7.8,6458.0,2380.0
7.81,6523.0,2377.0
7.82,6593.0,2381.0
7.83,6504.0,2381.0
7.84,6586.0,2377.0
7.85,6670.0,2380.0
7.86,6585.0,2381.0
7.87,6634.0,2375.0
7.88,6722.0,2377.0
7.89,6672.0,2378.0
7.9,6701.0,2376.0
7.91,6748.0,2377.0
7.92,6724.0,2375.0
7.93,6770.0,2376.0
7.94,6795.0,2377.0
7.95,6770.0,2378.0
7.96,6835.0,2376.0
7.97,6861.0,2380.0
7.98,6816.0,2378.0
7.99,6891.0,2377.0
8.0,6931.0,2382.0
8.01,6864.0,2378.0
8.02,6934.0,2376.0
8.03,6953.0,2379.0
8.04,6930.0,2381.0
8.05,6990.0,2379.0
8.06,7000.0,2383.0
8.07,6957.0,2381.0
8.08,7039.0,2382.0
8.09,7039.0,2382.0
8.1,6980.0,2381.0
8.11,7057.0,2378.0
8.12,7096.0,2381.0
8.13,7042.0,2381.0
8.14,7148.0,2379.0
8.15,7164.0,2385.0
8.16,7070.0,2381.0
8.17,7175.0,2382.0
8.18,7213.0,2382.0
8.19,7118.0,2382.0
8.2,7203.0,2382.0
8.21,7272.0,2383.0
8.22,7160.0,2381.0
8.23,7255.0,2378.0
8.24,7324.0,2385.0
8.25,7234.0,2382.0
8.26,7308.0,2379.0
8.27,7347.0,2385.0
8.28,7278.0,2382.0
8.29,7364.0,2379.0
8.3,7408.0,2380.0
8.31,7315.0,2379.0
8.32,7415.0,2376.0
8.33,7480.0,2383.0
8.34,7389.0,2382.0
8.35,7445.0,2378.0
8.36,7545.0,2380.0
8.37,7457.0,2383.0
8.38,7518.0,2380.0
8.39,7584.0,2380.0
8.4,7527.0,2381.0
8.41,7556.0,2380.0
8.42,7605.0,2382.0
8.43,7547.0,2382.0
8.44,7600.0,2379.0
8.45,7667.0,2383.0
8.46,7610.0,2382.0
8.47,7643.0,2381.0
8.48,7726.0,2380.0
8.49,7670.0,2384.0
8.5,7696.0,2378.0
8.51,7747.0,2381.0
8.52,7724.0,2381.0
8.53,7753.0,2379.0
8.54,7782.0,2379.0
8.55,7776.0,2379.0
8.56,7807.0,2380.0
8.57,7824.0,2382.0
8.58,7799.0,2381.0
8.59,7863.0,2379.0
8.6,7874.0,2381.0
8.61,7843.0,2381.0
8.62,7929.0,2381.0
8.63,7927.0,2380.0
8.64,7869.0,2381.0
8.65,7943.0,2379.0
8.66,7976.0,2380.0
8.67,7918.0,2381.0
8.68,7987.0,2380.0
8.69,8022.0,2384.0
8.7,7946.0,2383.0
8.71,8022.0,2380.0
8.72,8063.0,2384.0
8.73,8009.0,2383.0
8.74,8072.0,2382.0
8.75,8097.0,2384.0
8.76,8043.0,2381.0
8.77,8137.0,2380.0
8.78,8149.0,2385.0
8.79,8076.0,2383.0
8.8,8170.0,2379.0
8.81,8188.0,2384.0
8.82,8099.0,2379.0
8.83,8197.0,2379.0
8.84,8289.0,2386.0
8.85,8184.0,2382.0
8.86,8261.0,2378.0
8.87,8324.0,2380.0
8.88,8257.0,2379.0
8.89,8298.0,2377.0
8.9,8344.0,2379.0
8.91,8277.0,2380.0
8.92,8367.0,2377.0
8.93,8407.0,2379.0
8.94,8337.0,2380.0
8.95,8414.0,2375.0
8.96,8466.0,2379.0
8.97,8365.0,2380.0
8.98,8405.0,2377.0
8.99,8466.0,2380.0
9.0,8400.0,2379.0
9.01,8427.0,2377.0
9.02,8499.0,2380.0
9.03,8443.0,2381.0
9.04,8466.0,2377.0
9.05,8515.0,2380.0
9.06,8457.0,2381.0
9.07,8497.0,2379.0
9.08,8550.0,2381.0
9.09,8496.0,2381.0
9.1,8533.0,2378.0
9.11,8581.0,2379.0
9.12,8533.0,2383.0
9.13,8578.0,2380.0
9.14,8624.0,2380.0
9.15,8538.0,2380.0
9.16,8610.0,2377.0
9.17,8656.0,2380.0
9.18,8607.0,2380.0
9.19,8672.0,2382.0
9.2,8675.0,2381.0
9.21,8605.0,2381.0
9.22,8659.0,2380.0
9.23,8705.0,2381.0
9.24,8650.0,2380.0
9.25,8704.0,2380.0
9.26,8777.0,2379.0
9.27,8676.0,2380.0
9.28,8747.0,2377.0
9.29,8798.0,2379.0
9.3,8704.0,2382.0
9.31,8768.0,2379.0
9.32,8840.0,2382.0
9.33,8766.0,2379.0
9.34,8816.0,2380.0
9.35,8895.0,2382.0
9.36,8811.0,2382.0
9.37,8870.0,2378.0
9.38,8927.0,2377.0
9.39,8860.0,2383.0
9.4,8918.0,2381.0
9.41,8977.0,2383.0
9.42,8884.0,2379.0
9.43,8970.0,2377.0
9.44,9036.0,2382.0
9.45,8927.0,2382.0
9.46,8952.0,2376.0
9.47,9050.0,2379.0
9.48,8982.0,2379.0
9.49,8985.0,2377.0
9.5,9069.0,2382.0
9.51,9054.0,2379.0
9.52,9057.0,2377.0
9.53,9089.0,2379.0
9.54,9045.0,2381.0
9.55,9062.0,2377.0
9.56,9119.0,2381.0
9.57,9070.0,2380.0
9.58,9093.0,2378.0
9.59,9150.0,2378.0
9.6,9099.0,2379.0
9.61,9131.0,2378.0
9.62,9162.0,2381.0
9.63,9113.0,2380.0
9.64,9163.0,2381.0
9.65,9176.0,2382.0
9.66,9176.0,2383.0
9.67,9204.0,2380.0
9.68,9236.0,2380.0
9.69,9198.0,2383.0
9.7,9207.0,2378.0
9.71,9229.0,2382.0
9.72,9197.0,2381.0
9.73,9245.0,2378.0
9.74,9287.0,2379.0
9.75,9236.0,2379.0
9.76,9303.0,2377.0
9.77,9344.0,2381.0
9.78,9263.0,2378.0
9.79,9313.0,2376.0
9.8,9371.0,2381.0
9.81,9289.0,2380.0
9.82,9342.0,2377.0
9.83,9420.0,2379.0
9.84,9355.0,2380.0
9.85,9387.0,2374.0
9.86,9461.0,2377.0
9.87,9394.0,2378.0
9.88,9431.0,2374.0
9.89,9499.0,2375.0
9.9,9407.0,2381.0
9.91,9458.0,2374.0
9.92,9549.0,2378.0
9.93,9459.0,2379.0
9.94,9498.0,2375.0
9.95,9611.0,2378.0
9.96,9499.0,2379.0
9.97,9479.0,2375.0
9.98,9593.0,2380.0
9.99,9527.0,2383.0
10.0,9524.0,2381.0
10.01,9598.0,2377.0
10.02,9549.0,2381.0
10.03,9567.0,2379.0
10.04,9628.0,2382.0
10.05,9544.0,2380.0
10.06,9570.0,2377.0
10.07,9647.0,2380.0
10.08,9600.0,2383.0
10.09,9608.0,2380.0
10.1,9671.0,2382.0
10.11,9629.0,2380.0
10.12,9599.0,2376.0
10.13,9664.0,2379.0
10.14,9647.0,2379.0
10.15,9619.0,2377.0
10.16,9685.0,2378.0
10.17,9663.0,2378.0
10.18,9652.0,2376.0
10.19,9699.0,2377.0
10.2,9680.0,2380.0
10.21,9691.0,2377.0
10.22,9725.0,2381.0
10.23,9696.0,2380.0
10.24,9736.0,2377.0
10.25,9789.0,2382.0
10.26,9709.0,2381.0
10.27,9742.0,2376.0
10.28,9805.0,2382.0
10.29,9721.0,2380.0
10.3,9775.0,2377.0
10.31,9833.0,2378.0
10.32,9763.0,2379.0
10.33,9801.0,2375.0
10.34,9851.0,2379.0
10.35,9794.0,2376.0
10.36,9843.0,2376.0
10.37,9880.0,2378.0
10.38,9795.0,2376.0
10.39,9877.0,2371.0
10.4,9939.0,2378.0
10.41,9840.0,2376.0
10.42,9894.0,2373.0
10.43,9965.0,2379.0
10.44,9861.0,2377.0
10.45,9894.0,2375.0
10.46,9981.0,2375.0
10.47,9898.0,2377.0
10.48,9906.0,2373.0
10.49,10009.0,2377.0
10.5,9938.0,2376.0
10.51,9915.0,2375.0
10.52,10011.0,2377.0
10.53,9941.0,2379.0
10.54,9943.0,2375.0
10.55,10022.0,2380.0
10.56,9967.0,2379.0
10.57,9974.0,2376.0
10.58,10064.0,2374.0
10.59,10000.0,2378.0
10.6,9974.0,2373.0
10.61,10062.0,2379.0
10.62,10025.0,2380.0
10.63,10009.0,2378.0
10.64,10076.0,2375.0
10.65,10054.0,2379.0
10.66,10031.0,2375.0
10.67,10088.0,2378.0
10.68,10063.0,2377.0
10.69,10032.0,2374.0
10.7,10080.0,2377.0
10.71,10078.0,2380.0
10.72,10065.0,2377.0
10.73,10093.0,2378.0
10.74,10102.0,2381.0
10.75,10094.0,2376.0
10.76,10136.0,2377.0
10.77,10096.0,2375.0
10.78,10106.0,2375.0
10.79,10151.0,2376.0
10.8,10133.0,2376.0
10.81,10126.0,2375.0
10.82,10165.0,2376.0
10.83,10149.0,2376.0
10.84,10157.0,2374.0
10.85,10169.0,2377.0
10.86,10164.0,2377.0
10.87,10196.0,2371.0
10.88,10246.0,2374.0
10.89,10215.0,2375.0
10.9,10237.0,2373.0
10.91,10314.0,2377.0
10.92,10231.0,2378.0
10.93,10215.0,2371.0
10.94,10297.0,2372.0
10.95,10239.0,2374.0
10.96,10244.0,2375.0
10.97,10319.0,2376.0
10.98,10262.0,2374.0
10.99,10262.0,2373.0
11.0,10300.0,2374.0
11.01,10266.0,2378.0
11.02,10273.0,2375.0
11.03,10340.0,2375.0
11.04,10288.0,2379.0
11.05,10279.0,2375.0
11.06,10357.0,2376.0
11.07,10294.0,2378.0
11.08,10267.0,2376.0
11.09,10327.0,2377.0
11.1,10282.0,2377.0
11.11,10270.0,2374.0
11.12,10347.0,2378.0
11.13,10326.0,2379.0
11.14,10287.0,2377.0
11.15,10364.0,2376.0
11.16,10366.0,2380.0
11.17,10322.0,2374.0
11.18,10390.0,2374.0
11.19,10372.0,2376.0
11.2,10333.0,2375.0
11.21,10384.0,2376.0
11.22,10388.0,2378.0
11.23,10362.0,2377.0
11.24,10393.0,2378.0
11.25,10368.0,2378.0
11.26,10375.0,2376.0
11.27,10432.0,2372.0
11.28,10407.0,2377.0
11.29,10406.0,2376.0
11.3,10476.0,2377.0
11.31,10453.0,2377.0
11.32,10422.0,2378.0
11.33,10464.0,2376.0
11.34,10453.0,2376.0
11.35,10455.0,2375.0
11.36,10517.0,2378.0
11.37,10486.0,2375.0
11.38,10499.0,2372.0
11.39,10545.0,2373.0
11.4,10495.0,2378.0
11.41,10481.0,2372.0
11.42,10558.0,2374.0
11.43,10555.0,2374.0
11.44,10518.0,2372.0
11.45,10548.0,2373.0
11.46,10541.0,2373.0
11.47,10511.0,2374.0
11.48,10562.0,2372.0
11.49,10531.0,2376.0
11.5,10483.0,2376.0
11.51,10556.0,2372.0
11.52,10531.0,2378.0
11.53,10485.0,2374.0
11.54,10582.0,2378.0
11.55,10575.0,2378.0
11.56,10535.0,2378.0
11.57,10612.0,2374.0
11.58,10582.0,2379.0
11.59,10522.0,2373.0
11.6,10607.0,2378.0
11.61,10595.0,2378.0
11.62,10543.0,2375.0
11.63,10617.0,2373.0
11.64,10626.0,2375.0
11.65,10552.0,2374.0
11.66,10638.0,2373.0
11.67,10638.0,2376.0
11.68,10581.0,2379.0
11.69,10640.0,2377.0
11.7,10641.0,2378.0
11.71,10604.0,2372.0
11.72,10671.0,2376.0
11.73,10647.0,2380.0
11.74,10588.0,2379.0
11.75,10666.0,2375.0
11.76,10635.0,2380.0
11.77,10602.0,2377.0
11.78,10660.0,2377.0
11.79,10666.0,2374.0
11.8,10634.0,2377.0
11.81,10677.0,2375.0
11.82,10681.0,2374.0
11.83,10686.0,2371.0
11.84,10718.0,2375.0
11.85,10701.0,2374.0
11.86,10721.0,2374.0
11.87,10743.0,2373.0
11.88,10717.0,2376.0
11.89,10714.0,2375.0
11.9,10766.0,2373.0
11.91,10728.0,2374.0
11.92,10722.0,2372.0
11.93,10781.0,2373.0
11.94,10768.0,2376.0
11.95,10748.0,2374.0
11.96,10805.0,2373.0
11.97,10777.0,2373.0
11.98,10762.0,2373.0
11.99,10815.0,2374.0
12.0,10754.0,2376.0
12.01,10753.0,2374.0
12.02,10838.0,2376.0
12.03,10770.0,2378.0
12.04,10757.0,2372.0
12.05,10834.0,2376.0
12.06,10792.0,2377.0
12.07,10755.0,2374.0
12.08,10840.0,2374.0
12.09,10807.0,2378.0
12.1,10770.0,2374.0
12.11,10858.0,2374.0
12.12,10828.0,2379.0
12.13,10769.0,2375.0
12.14,10827.0,2374.0
12.15,10808.0,2376.0
12.16,10781.0,2374.0
12.17,10835.0,2375.0
12.18,10819.0,2376.0
12.19,10798.0,2376.0
12.2,10851.0,2375.0
12.21,10859.0,2378.0
12.22,10824.0,2375.0
12.23,10877.0,2376.0
12.24,10889.0,2374.0
12.25,10845.0,2375.0
12.26,10910.0,2372.0
12.27,10908.0,2376.0
12.28,10869.0,2374.0
12.29,10914.0,2374.0
12.3,10915.0,2374.0
12.31,10879.0,2373.0
12.32,10925.0,2377.0
12.33,10935.0,2376.0
12.34,10921.0,2374.0
12.35,10973.0,2375.0
12.36,10939.0,2373.0
12.37,10934.0,2371.0
12.38,10999.0,2373.0
12.39,10950.0,2372.0
12.4,10913.0,2371.0
12.41,10981.0,2373.0
12.42,10978.0,2374.0
12.43,10940.0,2372.0
12.44,10992.0,2373.0
12.45,11007.0,2373.0
12.46,10976.0,2371.0
12.47,11007.0,2371.0
12.48,10990.0,2374.0
12.49,10970.0,2371.0
12.5,11023.0,2373.0
12.51,10985.0,2373.0
12.52,10963.0,2373.0
12.53,11002.0,2373.0
12.54,10973.0,2376.0
12.55,10936.0,2374.0
12.56,10997.0,2375.0
12.57,10983.0,2375.0
12.58,10948.0,2373.0
12.59,11026.0,2375.0
12.6,10983.0,2376.0
12.61,10932.0,2374.0
12.62,11001.0,2377.0
12.63,10960.0,2378.0
12.64,10928.0,2378.0
12.65,10979.0,2376.0
12.66,10976.0,2376.0
12.67,10959.0,2376.0
12.68,11014.0,2377.0
12.69,11023.0,2379.0
12.7,10973.0,2374.0
12.71,11039.0,2376.0
12.72,11009.0,2376.0
12.73,11004.0,2374.0
12.74,11058.0,2375.0
12.75,11032.0,2374.0
12.76,11016.0,2374.0
12.77,11064.0,2374.0
12.78,11043.0,2377.0
12.79,11008.0,2374.0
12.8,11031.0,2374.0
12.81,11040.0,2376.0
12.82,11051.0,2373.0
12.83,11095.0,2373.0
12.84,11077.0,2375.0
12.85,11066.0,2375.0
12.86,11131.0,2376.0
12.87,11091.0,2375.0
12.88,11100.0,2373.0
12.89,11134.0,2373.0
12.9,11095.0,2373.0
12.91,11087.0,2375.0
12.92,11131.0,2372.0
12.93,11116.0,2376.0
12.94,11122.0,2371.0
12.95,11171.0,2373.0
12.96,11116.0,2374.0
12.97,11121.0,2370.0
12.98,11172.0,2374.0
12.99,11145.0,2376.0
13.0,11125.0,2371.0
13.01,11195.0,2373.0
13.02,11167.0,2376.0
13.03,11136.0,2372.0
13.04,11194.0,2375.0
13.05,11168.0,2375.0
13.06,11105.0,2372.0
13.07,11191.0,2372.0
13.08,11178.0,2375.0
13.09,11151.0,2375.0
13.1,11182.0,2372.0
13.11,11154.0,2376.0
13.12,11121.0,2375.0
13.13,11163.0,2375.0
13.14,11163.0,2373.0
13.15,11103.0,2375.0
13.16,11158.0,2374.0
13.17,11167.0,2375.0
13.18,11161.0,2376.0
13.19,11191.0,2372.0
13.2,11193.0,2376.0
13.21,11128.0,2374.0
13.22,11156.0,2372.0
13.23,11182.0,2378.0
13.24,11189.0,2374.0
13.25,11222.0,2374.0
13.26,11207.0,2378.0
13.27,11181.0,2374.0
13.28,11222.0,2373.0
13.29,11195.0,2377.0
13.3,11174.0,2373.0
13.31,11215.0,2372.0
13.32,11222.0,2373.0
13.33,11235.0,2373.0
13.34,11302.0,2375.0
13.35,11285.0,2372.0
13.36,11261.0,2370.0
13.37,11316.0,2372.0
13.38,11293.0,2373.0
13.39,11291.0,2372.0
13.4,11322.0,2371.0
13.41,11314.0,2373.0
13.42,11320.0,2371.0
13.43,11361.0,2372.0
13.44,11349.0,2369.0
13.45,11378.0,2372.0
13.46,11343.0,2372.0
13.47,11312.0,2375.0
13.48,11304.0,2373.0
13.49,11350.0,2372.0
13.5,11342.0,2378.0
13.51,11316.0,2369.0
13.52,11366.0,2371.0
13.53,11334.0,2372.0
13.54,11304.0,2371.0
13.55,11358.0,2370.0
13.56,11347.0,2372.0
13.57,11315.0,2371.0
13.58,11359.0,2371.0
13.59,11334.0,2371.0
13.6,11321.0,2371.0
13.61,11347.0,2372.0
13.62,11310.0,2373.0
13.63,11297.0,2371.0
13.64,11360.0,2372.0
13.65,11354.0,2371.0
13.66,11331.0,2373.0
13.67,11358.0,2374.0
13.68,11345.0,2374.0
13.69,11331.0,2372.0
13.7,11368.0,2371.0
13.71,11374.0,2374.0
13.72,11357.0,2371.0
13.73,11403.0,2371.0
13.74,11415.0,2372.0
13.75,11373.0,2373.0
13.76,11391.0,2371.0
13.77,11401.0,2369.0
13.78,11397.0,2370.0
13.79,11409.0,2371.0
13.8,11417.0,2372.0
13.81,11416.0,2372.0
13.82,11432.0,2369.0
13.83,11441.0,2371.0
13.84,11452.0,2369.0
13.85,11488.0,2372.0
13.86,11449.0,2370.0
13.87,11431.0,2368.0
13.88,11442.0,2369.0
13.89,11465.0,2370.0
13.9,11458.0,2370.0
13.91,11461.0,2369.0
13.92,11467.0,2372.0
13.93,11463.0,2371.0
13.94,11461.0,2371.0
13.95,11429.0,2369.0
13.96,11467.0,2370.0
13.97,11480.0,2370.0
13.98,11437.0,2374.0
13.99,11457.0,2370.0
14.0,11479.0,2370.0
14.01,11436.0,2369.0
14.02,11470.0,2368.0
14.03,11516.0,2374.0
14.04,11464.0,2372.0
14.05,11482.0,2369.0
14.06,11521.0,2370.0
14.07,11478.0,2371.0
14.08,11481.0,2370.0
14.09,11510.0,2370.0
14.1,11456.0,2371.0
14.11,11480.0,2369.0
14.12,11521.0,2370.0
14.13,11474.0,2372.0
14.14,11472.0,2368.0
14.15,11559.0,2370.0
14.16,11504.0,2368.0
14.17,11467.0,2367.0
14.18,11524.0,2368.0
14.19,11495.0,2371.0
14.2,11479.0,2368.0
14.21,11543.0,2372.0
14.22,11498.0,2373.0
14.23,11470.0,2372.0
14.24,11555.0,2373.0
14.25,11556.0,2373.0
14.26,11512.0,2371.0
14.27,11536.0,2370.0
14.28,11491.0,2371.0
14.29,11454.0,2369.0
14.3,11535.0,2368.0
14.31,11555.0,2370.0
14.32,11556.0,2367.0
14.33,11591.0,2368.0
14.34,11575.0,2369.0
14.35,11531.0,2369.0
14.36,11578.0,2367.0
14.37,11587.0,2369.0
14.38,11557.0,2367.0
14.39,11619.0,2368.0
14.4,11638.0,2370.0
14.41,11602.0,2370.0
14.42,11632.0,2371.0
14.43,11633.0,2367.0
14.44,11619.0,2367.0
14.45,11621.0,2365.0
14.46,11604.0,2369.0
14.47,11632.0,2366.0
14.48,11674.0,2370.0
14.49,11642.0,2371.0
14.5,11604.0,2367.0
14.51,11646.0,2370.0
14.52,11583.0,2369.0
14.53,11586.0,2369.0
14.54,11630.0,2368.0
14.55,11607.0,2373.0
14.56,11633.0,2370.0
14.57,11666.0,2369.0
14.58,11614.0,2370.0
14.59,11609.0,2366.0
14.6,11639.0,2371.0
14.61,11594.0,2371.0
14.62,11592.0,2369.0
14.63,11654.0,2370.0
14.64,11648.0,2369.0
14.65,11647.0,2366.0
14.66,11671.0,2368.0
14.67,11634.0,2371.0
14.68,11588.0,2367.0
14.69,11637.0,2371.0
14.7,11630.0,2372.0
14.71,11627.0,2368.0
14.72,11673.0,2371.0
14.73,11653.0,2370.0
14.74,11651.0,2366.0
14.75,11703.0,2369.0
14.76,11676.0,2370.0
14.77,11652.0,2368.0
14.78,11685.0,2368.0
14.79,11667.0,2370.0
14.8,11668.0,2368.0
14.81,11716.0,2369.0
14.82,11689.0,2371.0
14.83,11666.0,2369.0
14.84,11689.0,2370.0
14.85,11668.0,2372.0
14.86,11655.0,2372.0
14.87,11701.0,2371.0
14.88,11726.0,2371.0
14.89,11726.0,2368.0
14.9,11731.0,2370.0
14.91,11726.0,2372.0
14.92,11724.0,2368.0
14.93,11746.0,2367.0
14.94,11726.0,2369.0
14.95,11755.0,2370.0
14.96,11778.0,2368.0
14.97,11762.0,2368.0
14.98,11767.0,2367.0
14.99,11790.0,2368.0
15.0,11769.0,2369.0
15.01,11767.0,2368.0
15.02,11794.0,2368.0
15.03,11779.0,2368.0
15.04,11771.0,2367.0
15.05,11795.0,2369.0
15.06,11765.0,2369.0
15.07,11770.0,2368.0
15.08,11786.0,2371.0
15.09,11715.0,2371.0
15.1,11710.0,2369.0
15.11,11760.0,2371.0
15.12,11716.0,2373.0
15.13,11727.0,2370.0
15.14,11775.0,2371.0
15.15,11730.0,2372.0
15.16,11732.0,2371.0
15.17,11777.0,2372.0
15.18,11707.0,2372.0
15.19,11713.0,2369.0
15.2,11777.0,2371.0
15.21,11751.0,2373.0
15.22,11718.0,2370.0
15.23,11767.0,2369.0
15.24,11742.0,2373.0
15.25,11729.0,2371.0
15.26,11772.0,2372.0
15.27,11730.0,2373.0
15.28,11689.0,2371.0
15.29,11760.0,2372.0
15.3,11757.0,2376.0
15.31,11717.0,2372.0
15.32,11784.0,2369.0
15.33,11767.0,2373.0
15.34,11726.0,2373.0
15.35,11779.0,2372.0
15.36,11799.0,2374.0
15.37,11785.0,2371.0
15.38,11814.0,2370.0
15.39,11832.0,2372.0
15.4,11816.0,2373.0
15.41,11821.0,2371.0
15.42,11786.0,2370.0
15.43,11799.0,2367.0
15.44,11837.0,2370.0
15.45,11823.0,2371.0
15.46,11810.0,2368.0
15.47,11841.0,2369.0
15.48,11832.0,2371.0
15.49,11792.0,2368.0
15.5,11836.0,2369.0
15.51,11825.0,2370.0
15.52,11793.0,2367.0
15.53,11845.0,2369.0
15.54,11826.0,2370.0
15.55,11822.0,2369.0
15.56,11868.0,2370.0
15.57,11843.0,2371.0
15.58,11818.0,2370.0
15.59,11845.0,2370.0
15.6,11825.0,2372.0
15.61,11802.0,2369.0
15.62,11870.0,2369.0
15.63,11841.0,2374.0
15.64,11810.0,2370.0
15.65,11869.0,2372.0
15.66,11837.0,2374.0
15.67,11805.0,2371.0
15.68,11845.0,2372.0
15.69,11827.0,2372.0
15.7,11797.0,2371.0
15.71,11862.0,2369.0
15.72,11847.0,2374.0
15.73,11787.0,2371.0
15.74,11860.0,2370.0
15.75,11837.0,2375.0
15.76,11823.0,2369.0
15.77,11886.0,2373.0
15.78,11857.0,2373.0
15.79,11841.0,2367.0
15.8,11901.0,2372.0
15.81,11894.0,2372.0
15.82,11874.0,2370.0
15.83,11916.0,2370.0
15.84,11902.0,2369.0
15.85,11874.0,2369.0
15.86,11906.0,2368.0
15.87,11906.0,2368.0
15.88,11889.0,2372.0
15.89,11920.0,2371.0
15.9,11902.0,2370.0
15.91,11895.0,2369.0
15.92,11921.0,2368.0
15.93,11890.0,2369.0
15.94,11915.0,2367.0
15.95,11968.0,2369.0
15.96,11939.0,2369.0
15.97,11915.0,2364.0
15.98,11947.0,2368.0
15.99,11923.0,2368.0
16.0,11894.0,2372.0
16.01,11930.0,2371.0
16.02,11912.0,2372.0
16.03,11914.0,2371.0
16.04,11961.0,2372.0
16.05,11922.0,2373.0
16.06,11925.0,2375.0
16.07,11949.0,2370.0
16.08,11913.0,2374.0
16.09,11926.0,2372.0
16.1,11968.0,2372.0
16.11,11935.0,2374.0
16.12,11909.0,2371.0
16.13,11967.0,2372.0
16.14,11938.0,2376.0
16.15,11907.0,2371.0
16.16,11943.0,2369.0
16.17,11926.0,2373.0
16.18,11916.0,2373.0
16.19,11972.0,2371.0
16.2,11954.0,2372.0
16.21,11942.0,2372.0
16.22,11983.0,2371.0
16.23,11949.0,2372.0
16.24,11911.0,2371.0
16.25,11971.0,2371.0
16.26,11961.0,2374.0
16.27,11917.0,2369.0
16.28,11980.0,2370.0
16.29,11975.0,2371.0
16.3,11930.0,2370.0
16.31,11987.0,2369.0
16.32,11987.0,2371.0
16.33,11932.0,2368.0
16.34,11963.0,2371.0
16.35,12003.0,2373.0
16.36,11972.0,2370.0
16.37,12024.0,2370.0
16.38,12002.0,2371.0
16.39,11988.0,2370.0
16.4,12025.0,2371.0
16.41,11988.0,2368.0
16.42,12008.0,2369.0
16.43,12024.0,2369.0
16.44,12027.0,2369.0
16.45,12031.0,2369.0
16.46,12062.0,2370.0
16.47,12027.0,2372.0
16.48,12011.0,2367.0
16.49,12039.0,2370.0
16.5,12007.0,2370.0
16.51,12006.0,2370.0
16.52,12030.0,2373.0
16.53,12025.0,2373.0
16.54,12007.0,2369.0
16.55,12033.0,2372.0
16.56,11975.0,2372.0
16.57,11983.0,2369.0
16.58,12028.0,2371.0
16.59,12008.0,2373.0
16.6,11963.0,2368.0
16.61,12052.0,2374.0
16.62,12008.0,2371.0
16.63,12001.0,2371.0
16.64,12056.0,2368.0
16.65,12041.0,2374.0
16.66,12008.0,2368.0
16.67,12066.0,2371.0
16.68,12040.0,2371.0
16.69,12036.0,2373.0
16.7,12067.0,2368.0
16.71,12022.0,2371.0
16.72,12001.0,2371.0
16.73,12075.0,2371.0
16.74,12064.0,2373.0
16.75,12031.0,2370.0
16.76,12100.0,2369.0
16.77,12101.0,2370.0
16.78,12067.0,2369.0
16.79,12109.0,2371.0
16.8,12085.0,2371.0
16.81,12058.0,2371.0
16.82,12087.0,2367.0
16.83,12072.0,2371.0
16.84,12039.0,2369.0
16.85,12081.0,2367.0
16.86,12096.0,2370.0
16.87,12089.0,2369.0
16.88,12127.0,2370.0
16.89,12094.0,2369.0
16.9,12095.0,2367.0
16.91,12109.0,2368.0
16.92,12095.0,2371.0
16.93,12094.0,2370.0
16.94,12128.0,2371.0
16.95,12111.0,2369.0
16.96,12118.0,2367.0
16.97,12155.0,2367.0
16.98,12124.0,2368.0
16.99,12078.0,2369.0
17.0,12111.0,2372.0
17.01,12094.0,2369.0
17.02,12122.0,2368.0
17.03,12166.0,2368.0
17.04,12083.0,2371.0
17.05,12103.0,2368.0
17.06,12124.0,2371.0
17.07,12100.0,2369.0
17.08,12101.0,2369.0
17.09,12155.0,2368.0
17.1,12145.0,2367.0
17.11,12107.0,2368.0
17.12,12143.0,2371.0
17.13,12150.0,2369.0
17.14,12138.0,2368.0
17.15,12165.0,2368.0
17.16,12127.0,2371.0
17.17,12110.0,2370.0
17.18,12163.0,2369.0
17.19,12144.0,2370.0
17.2,12096.0,2371.0
17.21,12128.0,2369.0
17.22,12135.0,2372.0
17.23,12078.0,2370.0
17.24,12128.0,2370.0
17.25,12111.0,2369.0
17.26,12095.0,2369.0
17.27,12145.0,2368.0
17.28,12147.0,2373.0
17.29,12095.0,2372.0
17.3,12122.0,2370.0
17.31,12143.0,2370.0
17.32,12121.0,2369.0
17.33,12159.0,2367.0
17.34,12153.0,2367.0
17.35,12160.0,2364.0
17.36,12225.0,2366.0
17.37,12185.0,2369.0
17.38,12194.0,2366.0
17.39,12212.0,2365.0
17.4,12195.0,2366.0
17.41,12218.0,2367.0
17.42,12255.0,2364.0
17.43,12228.0,2368.0
17.44,12188.0,2366.0
17.45,12218.0,2366.0
17.46,12193.0,2367.0
17.47,12163.0,2368.0
17.48,12214.0,2369.0
17.49,12189.0,2368.0
17.5,12206.0,2370.0
17.51,12238.0,2367.0
17.52,12211.0,2371.0
17.53,12204.0,2368.0
17.54,12233.0,2371.0
17.55,12176.0,2369.0
17.56,12208.0,2369.0
17.57,12260.0,2366.0
17.58,12225.0,2371.0
17.59,12185.0,2368.0
17.6,12236.0,2370.0
17.61,12187.0,2370.0
17.62,12154.0,2367.0
17.63,12188.0,2368.0
17.64,12192.0,2372.0
17.65,12145.0,2368.0
17.66,12237.0,2367.0
17.67,12211.0,2368.0
17.68,12180.0,2368.0
17.69,12227.0,2367.0
17.7,12201.0,2373.0
17.71,12153.0,2368.0
17.72,12249.0,2369.0
17.73,12183.0,2371.0
17.74,12147.0,2371.0
17.75,12231.0,2368.0
17.76,12242.0,2371.0
17.77,12207.0,2370.0
17.78,12245.0,2369.0
17.79,12229.0,2370.0
17.8,12194.0,2366.0
17.81,12232.0,2368.0
17.82,12233.0,2370.0
17.83,12224.0,2366.0
17.84,12228.0,2369.0
17.85,12248.0,2366.0
17.86,12244.0,2365.0
17.87,12246.0,2367.0
17.88,12244.0,2370.0
17.89,12250.0,2365.0
17.9,12269.0,2367.0
17.91,12258.0,2368.0
17.92,12245.0,2366.0
17.93,12278.0,2365.0
17.94,12269.0,2365.0
17.95,12253.0,2367.0
17.96,12274.0,2367.0
17.97,12259.0,2369.0
17.98,12257.0,2367.0
17.99,12280.0,2370.0
18.0,12259.0,2369.0
18.01,12261.0,2366.0
18.02,12290.0,2370.0
18.03,12231.0,2371.0
18.04,12260.0,2369.0
18.05,12305.0,2370.0
18.06,12269.0,2367.0
18.07,12254.0,2366.0
18.08,12286.0,2370.0
18.09,12254.0,2370.0
18.1,12230.0,2369.0
18.11,12291.0,2367.0
18.12,12275.0,2368.0
18.13,12263.0,2368.0
18.14,12282.0,2370.0
18.15,12255.0,2371.0
18.16,12248.0,2369.0
18.17,12299.0,2368.0
18.18,12266.0,2368.0
18.19,12258.0,2368.0
18.2,12302.0,2368.0
18.21,12257.0,2370.0
18.22,12232.0,2369.0
18.23,12287.0,2370.0
18.24,12272.0,2376.0
18.25,12228.0,2372.0
18.26,12245.0,2369.0
18.27,12270.0,2370.0
18.28,12237.0,2367.0
18.29,12238.0,2370.0
18.3,12220.0,2371.0
18.31,12260.0,2370.0
18.32,12297.0,2370.0
18.33,12245.0,2369.0
18.34,12261.0,2370.0
18.35,12299.0,2369.0
18.36,12255.0,2369.0
18.37,12261.0,2369.0
18.38,12305.0,2368.0
18.39,12287.0,2370.0
18.4,12300.0,2366.0
18.41,12365.0,2365.0
18.42,12320.0,2369.0
18.43,12328.0,2367.0
18.44,12341.0,2368.0
18.45,12298.0,2366.0
18.46,12321.0,2364.0
18.47,12334.0,2367.0
18.48,12340.0,2367.0
18.49,12397.0,2368.0
18.5,12357.0,2366.0
18.51,12315.0,2368.0
18.52,12332.0,2366.0
18.53,12326.0,2370.0
18.54,12285.0,2368.0
18.55,12304.0,2366.0
18.56,12323.0,2370.0
18.57,12280.0,2370.0
18.58,12287.0,2367.0
18.59,12329.0,2370.0
18.6,12304.0,2370.0
18.61,12293.0,2366.0
18.62,12312.0,2370.0
18.63,12272.0,2369.0
18.64,12297.0,2367.0
18.65,12341.0,2366.0
18.66,12323.0,2371.0
18.67,12333.0,2367.0
18.68,12350.0,2368.0
18.69,12309.0,2367.0
18.7,12304.0,2363.0
18.71,12348.0,2366.0
18.72,12309.0,2369.0
18.73,12311.0,2363.0
18.74,12350.0,2366.0
18.75,12335.0,2369.0
18.76,12310.0,2367.0
18.77,12326.0,2367.0
18.78,12317.0,2369.0
18.79,12317.0,2366.0
18.8,12329.0,2368.0
18.81,12302.0,2370.0
18.82,12324.0,2367.0
18.83,12348.0,2368.0
18.84,12326.0,2365.0
18.85,12367.0,2368.0
18.86,12364.0,2367.0
18.87,12345.0,2367.0
18.88,12367.0,2366.0
18.89,12364.0,2367.0
18.9,12344.0,2368.0
18.91,12411.0,2365.0
18.92,12399.0,2367.0
18.93,12363.0,2368.0
18.94,12362.0,2365.0
18.95,12362.0,2367.0
18.96,12343.0,2367.0
18.97,12359.0,2365.0
18.98,12381.0,2368.0
18.99,12364.0,2365.0
19.0,12384.0,2363.0
19.01,12385.0,2369.0
19.02,12321.0,2370.0
19.03,12333.0,2365.0
19.04,12355.0,2371.0
19.05,12316.0,2369.0
19.06,12351.0,2368.0
19.07,12390.0,2370.0
19.08,12332.0,2370.0
19.09,12350.0,2367.0
19.1,12355.0,2370.0
19.11,12317.0,2370.0
19.12,12320.0,2367.0
19.13,12354.0,2371.0
19.14,12311.0,2368.0
19.15,12346.0,2369.0
19.16,12376.0,2370.0
19.17,12327.0,2369.0
19.18,12342.0,2364.0
19.19,12357.0,2370.0
19.2,12321.0,2368.0
19.21,12312.0,2367.0
19.22,12336.0,2369.0
19.23,12309.0,2369.0
19.24,12333.0,2368.0
19.25,12361.0,2372.0
19.26,12337.0,2369.0
19.27,12350.0,2369.0
19.28,12351.0,2371.0
19.29,12297.0,2370.0
19.3,12332.0,2370.0
19.31,12355.0,2370.0
19.32,12327.0,2372.0
19.33,12335.0,2366.0
19.34,12370.0,2366.0
19.35,12352.0,2368.0
19.36,12365.0,2365.0
19.37,12379.0,2371.0
19.38,12341.0,2368.0
19.39,12379.0,2363.0
19.4,12395.0,2367.0
19.41,12351.0,2366.0
19.42,12386.0,2366.0
19.43,12381.0,2368.0
19.44,12344.0,2365.0
19.45,12383.0,2365.0
19.46,12414.0,2367.0
19.47,12383.0,2367.0
19.48,12414.0,2369.0
19.49,12457.0,2368.0
19.5,12376.0,2365.0
19.51,12411.0,2366.0
19.52,12412.0,2367.0
19.53,12374.0,2366.0
19.54,12395.0,2365.0
19.55,12414.0,2368.0
19.56,12374.0,2368.0
19.57,12407.0,2364.0
19.58,12429.0,2368.0
19.59,12375.0,2366.0
19.6,12413.0,2367.0
19.61,12402.0,2368.0
19.62,12371.0,2367.0
19.63,12401.0,2368.0
19.64,12406.0,2366.0
19.65,12401.0,2365.0
19.66,12440.0,2368.0
19.67,12428.0,2367.0
19.68,12393.0,2365.0
19.69,12414.0,2365.0
19.7,12416.0,2367.0
19.71,12390.0,2367.0
19.72,12414.0,2367.0
19.73,12437.0,2367.0
19.74,12404.0,2365.0
19.75,12407.0,2368.0
19.76,12411.0,2367.0
19.77,12392.0,2369.0
19.78,12406.0,2367.0
19.79,12417.0,2366.0
19.8,12410.0,2363.0
19.81,12461.0,2367.0
19.82,12468.0,2367.0
19.83,12449.0,2365.0
19.84,12455.0,2366.0
19.85,12463.0,2366.0
19.86,12423.0,2366.0
19.87,12425.0,2366.0
19.88,12442.0,2367.0
19.89,12430.0,2363.0
19.9,12472.0,2368.0
19.91,12465.0,2368.0
19.92,12452.0,2365.0
19.93,12483.0,2364.0
19.94,12469.0,2368.0
19.95,12411.0,2365.0
19.96,12472.0,2364.0
19.97,12469.0,2368.0
19.98,12446.0,2366.0
19.99,12502.0,2365.0
20.0,12516.0,2367.0
20.01,12431.0,2367.0
20.02,12478.0,2366.0
20.03,12470.0,2368.0
20.04,12452.0,2366.0
20.05,12467.0,2366.0
20.06,12457.0,2369.0
20.07,12438.0,2367.0
20.08,12462.0,2368.0
20.09,12459.0,2372.0
20.1,12444.0,2366.0
20.11,12462.0,2368.0
20.12,12444.0,2370.0
20.13,12410.0,2367.0
20.14,12445.0,2366.0
20.15,12454.0,2369.0
20.16,12448.0,2368.0
20.17,12456.0,2367.0
20.18,12467.0,2370.0
20.19,12418.0,2367.0
20.2,12456.0,2366.0
20.21,12423.0,2369.0
20.22,12439.0,2366.0
20.23,12430.0,2370.0
20.24,12405.0,2370.0
20.25,12377.0,2365.0
20.26,12415.0,2367.0
20.27,12444.0,2367.0
20.28,12434.0,2366.0
20.29,12465.0,2367.0
20.3,12423.0,2368.0
20.31,12442.0,2367.0
20.32,12485.0,2368.0
20.33,12461.0,2371.0
20.34,12464.0,2368.0
20.35,12496.0,2367.0
20.36,12471.0,2366.0
20.37,12469.0,2366.0
20.38,12477.0,2367.0
20.39,12487.0,2369.0
20.4,12468.0,2364.0
20.41,12540.0,2369.0
20.42,12485.0,2364.0
20.43,12463.0,2364.0
20.44,12514.0,2365.0
20.45,12486.0,2368.0
20.46,12462.0,2366.0
20.47,12512.0,2365.0
20.48,12496.0,2365.0
20.49,12472.0,2365.0
20.5,12505.0,2367.0
20.51,12503.0,2369.0
20.52,12456.0,2367.0
20.53,12496.0,2365.0
20.54,12473.0,2370.0
20.55,12450.0,2365.0
20.56,12500.0,2364.0
20.57,12507.0,2366.0
20.58,12494.0,2368.0
20.59,12513.0,2366.0
20.6,12499.0,2366.0
20.61,12443.0,2366.0
20.62,12477.0,2366.0
20.63,12502.0,2369.0
20.64,12479.0,2365.0
20.65,12500.0,2365.0
20.66,12494.0,2366.0
20.67,12452.0,2367.0
20.68,12478.0,2368.0
20.69,12474.0,2367.0
20.7,12483.0,2365.0
20.71,12511.0,2367.0
20.72,12475.0,2367.0
20.73,12480.0,2364.0
20.74,12482.0,2368.0
20.75,12463.0,2371.0
20.76,12461.0,2367.0
20.77,12506.0,2367.0
20.78,12482.0,2369.0
20.79,12496.0,2367.0
20.8,12516.0,2366.0
20.81,12488.0,2369.0
20.82,12494.0,2365.0
20.83,12523.0,2364.0
20.84,12524.0,2367.0
20.85,12493.0,2364.0
20.86,12493.0,2366.0
20.87,12492.0,2365.0
20.88,12512.0,2364.0
20.89,12536.0,2366.0
20.9,12501.0,2367.0
20.91,12519.0,2363.0
20.92,12558.0,2365.0
20.93,12509.0,2367.0
20.94,12501.0,2364.0
20.95,12549.0,2365.0
20.96,12505.0,2367.0
20.97,12514.0,2363.0
20.98,12582.0,2366.0
20.99,12529.0,2366.0
21.0,12499.0,2364.0
21.01,12531.0,2368.0
21.02,12491.0,2367.0
21.03,12488.0,2364.0
21.04,12529.0,2365.0
21.05,12526.0,2366.0
21.06,12510.0,2364.0
21.07,12552.0,2366.0
21.08,12540.0,2370.0
21.09,12523.0,2364.0
21.1,12555.0,2368.0
21.11,12523.0,2368.0
21.12,12489.0,2364.0
21.13,12513.0,2364.0
21.14,12513.0,2369.0
21.15,12521.0,2364.0
21.16,12552.0,2365.0
21.17,12525.0,2365.0
21.18,12501.0,2367.0
21.19,12522.0,2366.0
21.2,12511.0,2367.0
21.21,12544.0,2364.0
21.22,12546.0,2363.0
21.23,12544.0,2365.0
21.24,12528.0,2366.0
21.25,12506.0,2367.0
21.26,12459.0,2367.0
21.27,12493.0,2366.0
21.28,12550.0,2367.0
21.29,12529.0,2367.0
21.3,12511.0,2365.0
21.31,12558.0,2366.0
21.32,12538.0,2366.0
21.33,12537.0,2366.0
21.34,12572.0,2365.0
21.35,12565.0,2366.0
21.36,12538.0,2368.0
21.37,12557.0,2367.0
21.38,12550.0,2369.0
21.39,12557.0,2365.0
21.4,12629.0,2366.0
21.41,12582.0,2367.0
21.42,12576.0,2365.0
21.43,12605.0,2362.0
21.44,12579.0,2368.0
21.45,12578.0,2363.0
21.46,12631.0,2360.0
21.47,12609.0,2364.0
21.48,12579.0,2364.0
21.49,12608.0,2363.0
21.5,12583.0,2366.0
21.51,12550.0,2366.0
21.52,12580.0,2365.0
21.53,12568.0,2366.0
21.54,12552.0,2365.0
21.55,12580.0,2366.0
21.56,12565.0,2363.0
21.57,12547.0,2363.0
21.58,12575.0,2368.0
21.59,12565.0,2367.0
21.6,12529.0,2366.0
21.61,12555.0,2366.0
21.62,12549.0,2367.0
21.63,12550.0,2364.0
21.64,12584.0,2366.0
21.65,12553.0,2367.0
21.66,12567.0,2363.0
21.67,12583.0,2368.0
21.68,12543.0,2365.0
21.69,12543.0,2365.0
21.7,12582.0,2366.0
21.71,12549.0,2368.0
21.72,12568.0,2368.0
21.73,12594.0,2368.0
21.74,12547.0,2367.0
21.75,12542.0,2367.0
21.76,12551.0,2366.0
21.77,12526.0,2373.0
21.78,12538.0,2367.0
21.79,12592.0,2370.0
21.8,12550.0,2368.0
21.81,12548.0,2365.0
21.82,12602.0,2367.0
21.83,12575.0,2369.0
21.84,12551.0,2366.0
21.85,12590.0,2368.0
21.86,12541.0,2366.0
21.87,12530.0,2364.0
21.88,12612.0,2364.0
21.89,12575.0,2366.0
21.9,12563.0,2363.0
21.91,12607.0,2366.0
21.92,12576.0,2366.0
21.93,12565.0,2366.0
21.94,12632.0,2367.0
21.95,12585.0,2369.0
21.96,12579.0,2362.0
21.97,12642.0,2364.0
21.98,12603.0,2367.0
21.99,12560.0,2363.0
22.0,12602.0,2365.0
22.01,12574.0,2367.0
22.02,12553.0,2363.0
22.03,12569.0,2362.0
22.04,12588.0,2366.0
22.05,12591.0,2367.0
22.06,12620.0,2366.0
22.07,12576.0,2364.0
22.08,12587.0,2364.0
22.09,12596.0,2366.0
22.1,12572.0,2364.0
22.11,12592.0,2367.0
22.12,12585.0,2368.0
22.13,12558.0,2368.0
22.14,12584.0,2365.0
22.15,12601.0,2366.0
22.16,12588.0,2368.0
22.17,12600.0,2364.0
22.18,12601.0,2365.0
22.19,12582.0,2366.0
22.2,12601.0,2363.0
22.21,12604.0,2368.0
22.22,12590.0,2367.0
22.23,12638.0,2366.0
22.24,12651.0,2368.0
22.25,12576.0,2366.0
22.26,12572.0,2362.0
22.27,12624.0,2365.0
22.28,12586.0,2361.0
22.29,12602.0,2365.0
22.3,12662.0,2364.0
22.31,12632.0,2365.0
22.32,12647.0,2363.0
22.33,12660.0,2365.0
22.34,12600.0,2367.0
22.35,12608.0,2363.0
22.36,12662.0,2365.0
22.37,12623.0,2364.0
22.38,12639.0,2364.0
22.39,12651.0,2365.0
22.4,12646.0,2365.0
22.41,12654.0,2363.0
22.42,12660.0,2360.0
22.43,12627.0,2366.0
22.44,12617.0,2362.0
22.45,12654.0,2364.0
22.46,12635.0,2366.0
22.47,12609.0,2364.0
22.48,12636.0,2366.0
22.49,12657.0,2367.0
22.5,12631.0,2365.0
22.51,12629.0,2366.0
22.52,12613.0,2364.0
22.53,12616.0,2364.0
22.54,12635.0,2365.0
22.55,12624.0,2365.0
22.56,12618.0,2365.0
22.57,12634.0,2366.0
22.58,12615.0,2366.0
22.59,12621.0,2364.0
22.6,12643.0,2362.0
22.61,12624.0,2364.0
22.62,12623.0,2364.0
22.63,12640.0,2366.0
22.64,12597.0,2364.0
22.65,12617.0,2364.0
22.66,12638.0,2364.0
22.67,12594.0,2366.0
22.68,12623.0,2363.0
22.69,12656.0,2366.0
22.7,12610.0,2370.0
22.71,12608.0,2365.0
22.72,12651.0,2368.0
22.73,12629.0,2364.0
22.74,12622.0,2364.0
22.75,12639.0,2366.0
22.76,12591.0,2365.0
22.77,12630.0,2365.0
22.78,12667.0,2365.0
22.79,12633.0,2366.0
22.8,12625.0,2363.0
22.81,12675.0,2366.0
22.82,12643.0,2367.0
22.83,12618.0,2363.0
22.84,12635.0,2366.0
22.85,12639.0,2367.0
22.86,12634.0,2363.0
22.87,12664.0,2363.0
22.88,12647.0,2365.0
22.89,12667.0,2365.0
22.9,12648.0,2368.0
22.91,12614.0,2363.0
22.92,12636.0,2361.0
22.93,12652.0,2365.0
22.94,12631.0,2367.0
22.95,12646.0,2362.0
22.96,12678.0,2369.0
22.97,12656.0,2365.0
22.98,12668.0,2364.0
22.99,12672.0,2365.0
23.0,12634.0,2363.0
23.01,12661.0,2367.0
23.02,12672.0,2370.0
23.03,12637.0,2367.0
23.04,12667.0,2364.0
23.05,12670.0,2368.0
23.06,12627.0,2366.0
23.07,12647.0,2363.0
23.08,12678.0,2371.0
23.09,12626.0,2364.0
23.1,12685.0,2362.0
23.11,12688.0,2363.0
23.12,12627.0,2363.0
23.13,12664.0,2362.0
23.14,12680.0,2363.0
23.15,12628.0,2363.0
23.16,12657.0,2361.0
23.17,12618.0,2365.0
23.18,12657.0,2369.0
23.19,12647.0,2362.0
23.2,12673.0,2368.0
23.21,12655.0,2368.0
23.22,12644.0,2363.0
23.23,12646.0,2365.0
23.24,12608.0,2364.0
23.25,12622.0,2362.0
23.26,12666.0,2365.0
23.27,12641.0,2363.0
23.28,12620.0,2365.0
23.29,12662.0,2364.0
23.3,12642.0,2365.0
23.31,12623.0,2364.0
23.32,12636.0,2364.0
23.33,12652.0,2366.0
23.34,12682.0,2363.0
23.35,12665.0,2365.0
23.36,12645.0,2364.0
23.37,12683.0,2363.0
23.38,12687.0,2367.0
23.39,12644.0,2362.0
23.4,12653.0,2365.0
23.41,12642.0,2368.0
23.42,12621.0,2366.0
23.43,12657.0,2365.0
23.44,12683.0,2368.0
23.45,12670.0,2366.0
23.46,12679.0,2362.0
23.47,12685.0,2363.0
23.48,12671.0,2365.0
23.49,12653.0,2363.0
23.5,12677.0,2370.0
23.51,12644.0,2362.0
23.52,12696.0,2363.0
23.53,12686.0,2364.0
23.54,12665.0,2364.0
23.55,12660.0,2364.0
23.56,12657.0,2365.0
23.57,12590.0,2365.0
23.58,12607.0,2363.0
23.59,12660.0,2367.0
23.6,12607.0,2367.0
23.61,12633.0,2361.0
23.62,12689.0,2365.0
23.63,12650.0,2366.0
23.64,12662.0,2363.0
23.65,12701.0,2362.0
23.66,12651.0,2365.0
23.67,12645.0,2362.0
23.68,12678.0,2365.0
23.69,12619.0,2365.0
23.7,12623.0,2363.0
23.71,12666.0,2367.0
23.72,12635.0,2369.0
23.73,12656.0,2366.0
23.74,12659.0,2365.0
23.75,12617.0,2367.0
23.76,12591.0,2364.0
23.77,12654.0,2367.0
23.78,12642.0,2366.0
23.79,12647.0,2365.0
23.8,12669.0,2365.0
23.81,12646.0,2364.0
23.82,12651.0,2361.0
23.83,12657.0,2365.0
23.84,12660.0,2362.0
23.85,12704.0,2361.0
23.86,12702.0,2363.0
23.87,12676.0,2364.0
23.88,12713.0,2363.0
23.89,12714.0,2364.0
23.9,12665.0,2361.0
23.91,12710.0,2362.0
23.92,12716.0,2364.0
23.93,12665.0,2364.0
23.94,12699.0,2360.0
23.95,12712.0,2364.0
23.96,12670.0,2362.0
23.97,12688.0,2361.0
23.98,12699.0,2364.0
23.99,12682.0,2362.0
24.0,12711.0,2363.0
24.01,12707.0,2366.0
24.02,12659.0,2361.0
24.03,12708.0,2361.0
24.04,12734.0,2363.0
24.05,12675.0,2363.0
24.06,12729.0,2358.0
24.07,12708.0,2363.0
24.08,12666.0,2363.0
24.09,12705.0,2365.0
24.1,12732.0,2364.0
24.11,12714.0,2361.0
24.12,12716.0,2362.0
24.13,12717.0,2364.0
24.14,12697.0,2363.0
24.15,12695.0,2364.0
24.16,12686.0,2364.0
24.17,12677.0,2363.0
24.18,12717.0,2363.0
24.19,12729.0,2364.0
24.2,12685.0,2365.0
24.21,12742.0,2365.0
24.22,12710.0,2368.0
24.23,12654.0,2362.0
24.24,12676.0,2361.0
24.25,12678.0,2368.0
24.26,12652.0,2367.0
24.27,12708.0,2362.0
24.28,12714.0,2364.0
24.29,12736.0,2363.0
24.3,12730.0,2363.0
24.31,12702.0,2364.0
24.32,12662.0,2364.0
24.33,12682.0,2364.0
24.34,12675.0,2365.0
24.35,12686.0,2359.0
24.36,12713.0,2361.0
24.37,12708.0,2364.0
24.38,12684.0,2365.0
24.39,12701.0,2363.0
24.4,12692.0,2366.0
24.41,12668.0,2363.0
24.42,12738.0,2360.0
24.43,12728.0,2364.0
24.44,12697.0,2360.0
24.45,12735.0,2362.0
24.46,12746.0,2363.0
24.47,12713.0,2360.0
24.48,12718.0,2366.0
24.49,12724.0,2366.0
24.5,12694.0,2361.0
24.51,12728.0,2360.0
24.52,12760.0,2365.0
24.53,12718.0,2361.0
24.54,12735.0,2359.0
24.55,12750.0,2360.0
24.56,12707.0,2362.0
24.57,12755.0,2364.0
24.58,12721.0,2364.0
24.59,12704.0,2362.0
24.6,12724.0,2363.0
24.61,12702.0,2364.0
24.62,12692.0,2366.0
24.63,12715.0,2361.0
24.64,12719.0,2363.0
24.65,12728.0,2367.0
24.66,12708.0,2361.0
24.67,12731.0,2363.0
24.68,12723.0,2359.0
24.69,12745.0,2362.0
24.7,12716.0,2364.0
24.71,12689.0,2360.0
24.72,12711.0,2360.0
24.73,12697.0,2364.0
24.74,12669.0,2363.0
24.75,12678.0,2360.0
24.76,12705.0,2362.0
24.77,12722.0,2363.0
24.78,12730.0,2360.0
24.79,12747.0,2364.0
24.8,12712.0,2362.0
24.81,12734.0,2360.0
24.82,12725.0,2366.0
24.83,12680.0,2361.0
24.84,12742.0,2361.0
24.85,12722.0,2366.0
24.86,12693.0,2364.0
24.87,12719.0,2361.0
24.88,12730.0,2363.0
24.89,12702.0,2362.0
24.9,12758.0,2360.0
24.91,12777.0,2364.0
24.92,12708.0,2359.0
24.93,12770.0,2360.0
24.94,12782.0,2361.0
24.95,12721.0,2361.0
24.96,12766.0,2359.0
24.97,12742.0,2361.0
24.98,12723.0,2361.0
24.99,12754.0,2357.0
25.0,12763.0,2359.0
25.01,12752.0,2359.0
25.02,12775.0,2360.0
25.03,12779.0,2363.0
25.04,12702.0,2362.0
25.05,12696.0,2361.0
25.06,12778.0,2365.0
25.07,12710.0,2364.0
25.08,12755.0,2363.0
25.09,12749.0,2364.0
25.1,12756.0,2363.0
25.11,12742.0,2362.0
25.12,12753.0,2360.0
25.13,12711.0,2363.0
25.14,12703.0,2360.0
25.15,12708.0,2362.0
25.16,12720.0,2363.0
25.17,12736.0,2363.0
25.18,12741.0,2361.0
25.19,12706.0,2362.0
25.2,12738.0,2359.0
25.21,12769.0,2361.0
25.22,12706.0,2364.0
25.23,12735.0,2361.0
25.24,12756.0,2362.0
25.25,12732.0,2361.0
25.26,12757.0,2363.0
25.27,12770.0,2362.0
25.28,12713.0,2364.0
25.29,12722.0,2361.0
25.3,12767.0,2363.0
25.31,12749.0,2362.0
25.32,12778.0,2358.0
25.33,12780.0,2361.0
25.34,12733.0,2363.0
25.35,12748.0,2360.0
25.36,12770.0,2364.0
25.37,12729.0,2366.0
25.38,12752.0,2359.0
25.39,12811.0,2363.0
25.4,12722.0,2362.0
25.41,12775.0,2361.0
25.42,12787.0,2360.0
25.43,12762.0,2363.0
25.44,12770.0,2358.0
25.45,12791.0,2360.0
25.46,12752.0,2360.0
25.47,12769.0,2361.0
25.48,12778.0,2360.0
25.49,12759.0,2363.0
25.5,12775.0,2363.0
25.51,12767.0,2361.0
25.52,12731.0,2361.0
25.53,12762.0,2364.0
25.54,12780.0,2364.0
25.55,12739.0,2363.0
25.56,12739.0,2358.0
25.57,12758.0,2363.0
25.58,12730.0,2361.0
25.59,12757.0,2361.0
25.6,12766.0,2364.0
25.61,12726.0,2358.0
25.62,12736.0,2362.0
25.63,12755.0,2361.0
25.64,12728.0,2360.0
25.65,12767.0,2360.0
25.66,12754.0,2364.0
25.67,12704.0,2362.0
25.68,12729.0,2362.0
25.69,12715.0,2366.0
25.7,12678.0,2362.0
25.71,12751.0,2363.0
25.72,12739.0,2364.0
25.73,12700.0,2367.0
25.74,12774.0,2363.0
25.75,12760.0,2362.0
25.76,12726.0,2360.0
25.77,12753.0,2358.0
25.78,12743.0,2361.0
25.79,12714.0,2361.0
25.8,12724.0,2361.0
25.81,12738.0,2364.0
25.82,12730.0,2360.0
25.83,12756.0,2358.0
25.84,12762.0,2361.0
25.85,12730.0,2361.0
25.86,12737.0,2361.0
25.87,12742.0,2365.0
25.88,12726.0,2361.0
25.89,12778.0,2359.0
25.9,12786.0,2364.0
25.91,12733.0,2358.0
25.92,12772.0,2359.0
25.93,12771.0,2359.0
25.94,12746.0,2357.0
25.95,12766.0,2361.0
25.96,12762.0,2363.0
25.97,12764.0,2360.0
25.98,12791.0,2360.0
25.99,12767.0,2361.0
26.0,12760.0,2359.0
26.01,12792.0,2362.0
26.02,12771.0,2359.0
26.03,12729.0,2362.0
26.04,12777.0,2359.0
26.05,12764.0,2361.0
26.06,12741.0,2360.0
26.07,12786.0,2359.0
26.08,12795.0,2361.0
26.09,12744.0,2360.0
26.1,12776.0,2360.0
26.11,12767.0,2361.0
26.12,12733.0,2361.0
26.13,12769.0,2361.0
26.14,12789.0,2365.0
26.15,12764.0,2361.0
26.16,12806.0,2358.0
26.17,12777.0,2362.0
26.18,12735.0,2359.0
26.19,12757.0,2359.0
26.2,12773.0,2362.0
26.21,12726.0,2362.0
26.22,12787.0,2361.0
26.23,12795.0,2359.0
26.24,12742.0,2362.0
26.25,12775.0,2360.0
26.26,12751.0,2362.0
26.27,12720.0,2360.0
26.28,12761.0,2361.0
26.29,12768.0,2361.0
26.3,12738.0,2360.0
26.31,12761.0,2362.0
26.32,12757.0,2361.0
26.33,12735.0,2363.0
26.34,12758.0,2362.0
26.35,12756.0,2364.0
26.36,12731.0,2359.0
26.37,12759.0,2361.0
26.38,12766.0,2363.0
26.39,12765.0,2361.0
26.4,12789.0,2363.0
26.41,12776.0,2363.0
26.42,12775.0,2360.0
26.43,12784.0,2361.0
26.44,12765.0,2360.0
26.45,12771.0,2362.0
26.46,12796.0,2360.0
26.47,12765.0,2364.0
26.48,12782.0,2361.0
26.49,12794.0,2360.0
26.5,12776.0,2363.0
26.51,12758.0,2364.0
26.52,12813.0,2362.0
26.53,12784.0,2363.0
26.54,12736.0,2359.0
26.55,12785.0,2361.0
26.56,12797.0,2368.0
26.57,12754.0,2361.0
26.58,12789.0,2361.0
26.59,12776.0,2362.0
26.6,12737.0,2361.0
26.61,12792.0,2364.0
26.62,12772.0,2363.0
26.63,12763.0,2360.0
26.64,12825.0,2364.0
26.65,12782.0,2364.0
26.66,12753.0,2363.0
26.67,12795.0,2361.0
26.68,12763.0,2363.0
26.69,12714.0,2363.0
26.7,12754.0,2363.0
26.71,12765.0,2363.0
26.72,12755.0,2361.0
26.73,12800.0,2363.0
26.74,12795.0,2364.0
26.75,12767.0,2363.0
26.76,12787.0,2362.0
26.77,12763.0,2364.0
26.78,12740.0,2363.0
26.79,12766.0,2364.0
26.8,12783.0,2366.0
26.81,12789.0,2363.0
26.82,12808.0,2363.0
26.83,12765.0,2363.0
26.84,12756.0,2364.0
26.85,12778.0,2363.0
26.86,12751.0,2364.0
26.87,12754.0,2361.0
26.88,12774.0,2363.0
26.89,12770.0,2363.0
26.9,12773.0,2362.0
26.91,12814.0,2364.0
26.92,12795.0,2363.0
26.93,12794.0,2363.0
26.94,12790.0,2363.0
26.95,12766.0,2364.0
26.96,12752.0,2361.0
26.97,12790.0,2364.0
26.98,12783.0,2365.0
26.99,12779.0,2360.0
27.0,12808.0,2362.0
27.01,12789.0,2363.0
27.02,12735.0,2362.0
27.03,12790.0,2363.0
27.04,12764.0,2367.0
27.05,12719.0,2361.0
27.06,12812.0,2361.0
27.07,12775.0,2366.0
27.08,12736.0,2363.0
27.09,12771.0,2364.0
27.1,12754.0,2361.0
27.11,12728.0,2364.0
27.12,12771.0,2363.0
27.13,12744.0,2367.0
27.14,12755.0,2361.0
27.15,12773.0,2363.0
27.16,12733.0,2363.0
27.17,12742.0,2362.0
27.18,12754.0,2363.0
27.19,12717.0,2365.0
27.2,12741.0,2362.0
27.21,12775.0,2363.0
27.22,12760.0,2365.0
27.23,12755.0,2361.0
27.24,12769.0,2364.0
27.25,12770.0,2363.0
27.26,12778.0,2363.0
27.27,12769.0,2362.0
27.28,12739.0,2363.0
27.29,12762.0,2361.0
27.3,12810.0,2364.0
27.31,12732.0,2364.0
27.32,12756.0,2360.0
27.33,12775.0,2363.0
27.34,12755.0,2362.0
27.35,12753.0,2362.0
27.36,12756.0,2362.0
27.37,12762.0,2361.0
27.38,12806.0,2358.0
27.39,12823.0,2362.0
27.4,12802.0,2362.0
27.41,12824.0,2358.0
27.42,12849.0,2360.0
27.43,12820.0,2363.0
27.44,12822.0,2356.0
27.45,12799.0,2362.0
27.46,12774.0,2359.0
27.47,12814.0,2358.0
27.48,12834.0,2362.0
27.49,12766.0,2362.0
27.5,12787.0,2364.0
27.51,12815.0,2361.0
27.52,12792.0,2363.0
27.53,12765.0,2360.0
27.54,12815.0,2364.0
27.55,12752.0,2365.0
27.56,12768.0,2361.0
27.57,12813.0,2363.0
27.58,12780.0,2362.0
27.59,12761.0,2363.0
27.6,12768.0,2364.0
27.61,12758.0,2365.0
27.62,12751.0,2365.0
27.63,12780.0,2366.0
27.64,12767.0,2363.0
27.65,12776.0,2362.0
27.66,12808.0,2366.0
27.67,12772.0,2363.0
27.68,12771.0,2366.0
27.69,12798.0,2364.0
27.7,12767.0,2362.0
27.71,12768.0,2364.0
27.72,12776.0,2363.0
27.73,12765.0,2366.0
27.74,12768.0,2364.0
27.75,12786.0,2366.0
27.76,12774.0,2367.0
27.77,12816.0,2364.0
27.78,12791.0,2363.0
27.79,12759.0,2364.0
27.8,12773.0,2363.0
27.81,12795.0,2363.0
27.82,12761.0,2362.0
27.83,12802.0,2363.0
27.84,12831.0,2366.0
27.85,12771.0,2364.0
27.86,12780.0,2363.0
27.87,12794.0,2365.0
27.88,12749.0,2363.0
27.89,12776.0,2363.0
27.9,12811.0,2363.0
27.91,12790.0,2361.0
27.92,12801.0,2360.0
27.93,12840.0,2362.0
27.94,12802.0,2366.0
27.95,12782.0,2364.0
27.96,12788.0,2364.0
27.97,12778.0,2362.0
27.98,12795.0,2363.0
27.99,12828.0,2365.0
28.0,12774.0,2362.0
28.01,12779.0,2361.0
28.02,12809.0,2362.0
28.03,12760.0,2367.0
28.04,12758.0,2363.0
28.05,12786.0,2368.0
28.06,12752.0,2364.0
28.07,12760.0,2363.0
28.08,12787.0,2364.0
28.09,12776.0,2364.0
28.1,12760.0,2361.0
28.11,12795.0,2366.0
28.12,12752.0,2364.0
28.13,12777.0,2363.0
28.14,12795.0,2362.0
28.15,12764.0,2365.0
28.16,12784.0,2363.0
28.17,12797.0,2365.0
28.18,12743.0,2366.0
28.19,12748.0,2363.0
28.2,12780.0,2367.0
28.21,12757.0,2363.0
28.22,12773.0,2365.0
28.23,12794.0,2365.0
28.24,12751.0,2364.0
28.25,12783.0,2362.0
28.26,12791.0,2365.0
28.27,12735.0,2366.0
28.28,12767.0,2360.0
28.29,12777.0,2366.0
28.3,12728.0,2363.0
28.31,12765.0,2364.0
28.32,12785.0,2366.0
28.33,12750.0,2367.0
28.34,12803.0,2361.0
28.35,12812.0,2366.0
28.36,12811.0,2366.0
28.37,12792.0,2362.0
28.38,12778.0,2363.0
28.39,12770.0,2363.0
28.4,12822.0,2360.0
28.41,12816.0,2361.0
28.42,12800.0,2361.0
28.43,12814.0,2363.0
28.44,12786.0,2363.0
28.45,12787.0,2359.0
28.46,12805.0,2359.0
28.47,12815.0,2360.0
28.48,12806.0,2363.0
28.49,12830.0,2361.0
28.5,12817.0,2363.0
28.51,12801.0,2361.0
28.52,12810.0,2363.0
28.53,12790.0,2366.0
28.54,12748.0,2364.0
28.55,12755.0,2363.0
28.56,12782.0,2367.0
28.57,12750.0,2363.0
28.58,12799.0,2364.0
28.59,12765.0,2364.0
28.6,12739.0,2364.0
28.61,12776.0,2363.0
28.62,12768.0,2365.0
28.63,12729.0,2362.0
28.64,12803.0,2365.0
28.65,12808.0,2365.0
28.66,12769.0,2366.0
28.67,12817.0,2362.0
28.68,12822.0,2364.0
28.69,12761.0,2361.0
28.7,12787.0,2362.0
28.71,12794.0,2363.0
28.72,12761.0,2362.0
28.73,12794.0,2361.0
28.74,12791.0,2363.0
28.75,12765.0,2365.0
28.76,12792.0,2364.0
28.77,12780.0,2362.0
28.78,12741.0,2364.0
28.79,12774.0,2367.0
28.8,12787.0,2366.0
28.81,12768.0,2364.0
28.82,12813.0,2361.0
28.83,12848.0,2362.0
28.84,12792.0,2360.0
28.85,12816.0,2360.0
28.86,12809.0,2361.0
28.87,12772.0,2361.0
28.88,12797.0,2361.0
28.89,12796.0,2366.0
28.9,12796.0,2362.0
28.91,12806.0,2363.0
28.92,12807.0,2362.0
28.93,12790.0,2360.0
28.94,12803.0,2360.0
28.95,12794.0,2364.0
28.96,12788.0,2359.0
28.97,12834.0,2359.0
28.98,12830.0,2364.0
28.99,12805.0,2360.0
29.0,12821.0,2358.0
29.01,12817.0,2364.0
29.02,12775.0,2361.0
29.03,12808.0,2366.0
29.04,12788.0,2364.0
29.05,12792.0,2363.0
29.06,12816.0,2362.0
29.07,12799.0,2363.0
29.08,12786.0,2363.0
29.09,12830.0,2364.0
29.1,12811.0,2363.0
29.11,12785.0,2360.0
29.12,12809.0,2362.0
29.13,12800.0,2367.0
29.14,12758.0,2362.0
29.15,12785.0,2361.0
29.16,12823.0,2364.0
29.17,12765.0,2365.0
29.18,12770.0,2367.0
29.19,12757.0,2364.0
29.2,12761.0,2365.0
29.21,12776.0,2364.0
29.22,12764.0,2367.0
29.23,12780.0,2362.0
29.24,12798.0,2366.0
29.25,12767.0,2368.0
29.26,12756.0,2362.0
29.27,12800.0,2368.0
29.28,12749.0,2367.0
29.29,12734.0,2364.0
29.3,12797.0,2365.0
29.31,12784.0,2369.0
29.32,12762.0,2365.0
29.33,12781.0,2365.0
29.34,12758.0,2365.0
29.35,12744.0,2362.0
29.36,12777.0,2364.0
29.37,12782.0,2366.0
29.38,12786.0,2365.0
29.39,12812.0,2363.0
29.4,12811.0,2361.0
29.41,12832.0,2363.0
29.42,12842.0,2361.0
29.43,12820.0,2364.0
29.44,12800.0,2360.0
29.45,12821.0,2364.0
29.46,12821.0,2362.0
29.47,12794.0,2362.0
29.48,12829.0,2362.0
29.49,12820.0,2364.0
29.5,12791.0,2361.0
29.51,12822.0,2363.0
29.52,12803.0,2365.0
29.53,12787.0,2363.0
29.54,12835.0,2363.0
29.55,12820.0,2366.0
29.56,12811.0,2362.0
29.57,12815.0,2363.0
29.58,12777.0,2364.0
29.59,12781.0,2364.0
29.6,12820.0,2364.0
29.61,12767.0,2362.0
29.62,12733.0,2359.0
29.63,12798.0,2363.0
29.64,12791.0,2363.0
29.65,12773.0,2363.0
29.66,12822.0,2366.0
29.67,12795.0,2363.0
29.68,12812.0,2363.0
29.69,12804.0,2363.0
29.7,12754.0,2365.0
29.71,12786.0,2362.0
29.72,12777.0,2362.0
29.73,12766.0,2363.0
29.74,12786.0,2361.0
29.75,12819.0,2364.0
29.76,12794.0,2368.0
29.77,12752.0,2364.0
29.78,12804.0,2363.0
29.79,12803.0,2365.0
29.8,12799.0,2362.0
29.81,12828.0,2364.0
29.82,12805.0,2365.0
29.83,12815.0,2363.0
29.84,12836.0,2363.0
29.85,12798.0,2364.0
29.86,12792.0,2364.0
29.87,12827.0,2366.0
29.88,12785.0,2365.0
29.89,12800.0,2363.0
29.9,12849.0,2364.0
29.91,12822.0,2363.0
29.92,12843.0,2363.0
29.93,12847.0,2361.0
29.94,12798.0,2360.0
29.95,12830.0,2361.0
29.96,12845.0,2362.0
29.97,12830.0,2363.0
29.98,12834.0,2360.0
29.99,12877.0,2363.0
30.0,12850.0,2362.0
